id,name,model_id/id,group_id/id,perm_read,perm_write,perm_create,perm_unlink
access_hr_schedule_officer,hr.schedule.officer,model_hr_schedule,hr_attendance.group_hr_attendance_officer,1,0,0,0
access_hr_schedule_user,hr.schedule.user,model_hr_schedule,hr_attendance.group_hr_attendance_user,1,1,1,1
access_hr_schedule_line_officer,hr.schedule.line.officer,model_hr_schedule_line,hr_attendance.group_hr_attendance_officer,1,0,0,0
access_hr_schedule_line_user,hr.schedule.line.user,model_hr_schedule_line,hr_attendance.group_hr_attendance_user,1,1,1,1
access_hr_schedule_assignment_officer,hr.schedule.assignment.officer,model_hr_schedule_assignment,hr_attendance.group_hr_attendance_officer,1,1,1,0
access_hr_schedule_assignment_user,hr.schedule.assignment.user,model_hr_schedule_assignment,hr_attendance.group_hr_attendance_user,1,1,1,1
access_hr_schedule_assignment_wizard,hr.schedule.assignment.wizard,model_hr_schedule_assignment_wizard,hr_attendance.group_hr_attendance_officer,1,1,1,1
access_hr_workday_officer,hr.workday.officer,model_hr_workday,hr_attendance.group_hr_attendance_officer,1,1,1,0
access_hr_workday_user,hr.workday.user,model_hr_workday,hr_attendance.group_hr_attendance_user,1,1,1,1
access_hr_workday_generate_wizard,hr.workday.generate.wizard,model_hr_workday_generate_wizard,hr_attendance.group_hr_attendance_officer,1,1,1,1
access_hr_absence_type_officer,hr.absence.type.officer,model_hr_absence_type,hr_attendance.group_hr_attendance_officer,1,0,0,0
access_hr_absence_type_user,hr.absence.type.user,model_hr_absence_type,hr_attendance.group_hr_attendance_user,1,1,1,1
access_hr_vacation_period_officer,hr.vacation.period.officer,model_hr_vacation_period,hr_attendance.group_hr_attendance_officer,1,1,0,0
access_hr_vacation_period_user,hr.vacation.period.user,model_hr_vacation_period,hr_attendance.group_hr_attendance_user,1,1,1,1
access_hr_absence_officer,hr.absence.officer,model_hr_absence,hr_attendance.group_hr_attendance_officer,1,1,1,0
access_hr_absence_user,hr.absence.user,model_hr_absence,hr_attendance.group_hr_attendance_user,1,1,1,1
access_hr_workday_overtime_officer,hr.workday.overtime.officer,model_hr_workday_overtime,hr_attendance.group_hr_attendance_officer,1,1,1,0
access_hr_workday_overtime_user,hr.workday.overtime.user,model_hr_workday_overtime,hr_attendance.group_hr_attendance_user,1,1,1,1
access_hr_attendance_report_wizard,hr.attendance.report.wizard,model_hr_attendance_report_wizard,hr_attendance.group_hr_attendance_officer,1,1,1,1
access_hr_public_holiday_officer,hr.public.holiday.officer,model_hr_public_holiday,hr_attendance.group_hr_attendance_officer,1,0,0,0
access_hr_public_holiday_user,hr.public.holiday.user,model_hr_public_holiday,hr_attendance.group_hr_attendance_user,1,1,1,1
